,genre
0,canadian contemporary r&b
1,canadian pop
2,pop
3,electro
4,filter house
5,dance pop
6,edm
7,electropop
8,pop dance
9,tropical house
10,etherpop
11,indie poptimism
12,electronic trap
13,pop rap
14,uk dance
15,uk funky
16,dancehall
17,uk pop
18,canadian hip hop
19,hip hop
20,rap
21,toronto rap
22,afro dancehall
23,afropop
24,azonto
25,nigerian hip hop
26,nigerian pop
27,pop rock
28,conscious hip hop
29,west coast rap
30,melodic rap
31,mississippi hip hop
32,southern hip hop
33,trap
34,atl hip hop
35,dirty south rap
36,gangster rap
37,colombian pop
38,latin
39,latin pop
40,reggaeton
41,reggaeton colombiano
42,post-teen pop
43,talent show
44,philly rap
45,electro house
46,moombahton
47,art pop
48,danish pop
49,dutch edm
50,progressive house
51,hip pop
52,queens hip hop
53,aussietronica
54,melbourne bounce
55,alt z
56,viral pop
57,house
58,pop edm
59,complextro
60,german techno
61,ohio hip hop
62,modern rock
63,rock
64,australian dance
65,australian pop
66,indie electropop
67,boy band
68,alternative r&b
69,underground hip hop
70,virginia hip hop
71,viral rap
72,norwegian pop
73,trap latino
74,escape room
75,r&b
76,rap latina
77,trap queen
78,reggaeton flow
79,barbadian pop
80,urban contemporary
81,girl group
82,trap soul
83,mexican pop
84,puerto rican pop
85,uk contemporary r&b
86,portland hip hop
87,hyphy
88,neo soul
89,pop soul
90,eurodance
91,british soul
92,new jack swing
93,new jersey rap
94,latin hip hop
95,scandipop
96,swedish electropop
97,swedish pop
98,pop nacional
99,slap house
100,brazilian edm
101,nova mpb
102,deep euro house
103,deep house
104,german dance
105,big room
106,detroit hip hop
107,champeta
108,tropical
109,vallenato
110,neo mellow
111,viral trap
112,alte
113,north carolina hip hop
114,permanent wave
115,social media pop
116,new orleans rap
117,pittsburgh rap
118,modern alternative rock
119,stomp pop
120,dmv rap
121,danish electronic
122,san diego rap
123,funk carioca
124,funk ostentacao
125,funk paulista
126,swedish tropical house
127,la pop
128,vapor soul
129,new french touch
130,bboy
131,funk
132,instrumental funk
133,modern funk
134,lgbtq+ hip hop
135,nyc rap
136,downtempo
137,shiver pop
138,canadian trap
139,indie pop rap
140,chicago rap
141,gauze pop
142,atl trap
143,motown
144,soul
145,classic soul
146,indie r&b
147,northern soul
148,quiet storm
149,indietronica
150,oakland hip hop
151,vapor trap
152,new rave
153,classic rock
154,glam rock
155,dfw rap
156,florida rap
157,miami hip hop
158,kentucky hip hop
159,meme rap
160,album rock
161,mellow gold
162,soft rock
163,yacht rock
164,australian electropop
165,australian indie
166,deep groove house
167,bassline
168,candy pop
169,hyperpop
170,metropopolis
171,alternative rock
172,dance rock
173,channel islands indie
174,east coast hip hop
175,chicago house
176,classic house
177,disco house
178,funky house
179,hip house
180,soulful house
181,vocal house
182,grime
183,london rap
184,uk alternative hip hop
185,uk hip hop
186,dutch house
187,dutch pop
188,electro-pop francais
189,shimmer pop
190,cumbia pop
191,electro latino
192,argentine telepop
193,pop argentino
194,cubaton
195,modern salsa
196,salsa
197,perreo
198,rock en espanol
199,cumbia paraguaya
200,latin arena pop
201,panamanian pop
202,pop reggaeton
203,cumbia villera
204,modern reggae
205,reggae
206,reggae fusion
207,roots reggae
208,cumbia chilena
209,canto popular uruguayo
210,cumbia uruguaya
211,argentine rock
212,folklore argentino
213,dominican pop
214,spanish pop
215,german pop
216,belgian edm
217,austropop
218,graz indie
219,volkspop
220,german hip hop
221,hamburg hip hop
222,german drill
223,antideutsche
224,deep german hip hop
225,partyschlager
226,a cappella
227,nyc pop
228,chicano rap
229,albanian hip hop
230,french indie pop
231,russian dance
232,russian edm
233,russian pop
234,dutch hip hop
235,dutch rap pop
236,indie anthem-folk
237,schlager
238,women's music
239,swedish indie pop
240,swedish synthpop
241,australian hip hop
242,australian trap
243,alternative dance
244,dream pop
245,beatboxing
246,belgian dance
247,progressive electro house
248,ninja
249,belgian pop
250,uk alternative pop
251,sky room
252,classic hardstyle
253,euphoric hardstyle
254,belgian indie
255,kleinkunst
256,seattle hip hop
257,icelandic indie
258,icelandic rock
259,jazz blues
260,memphis soul
261,southern soul
262,sertanejo
263,sertanejo pop
264,sertanejo universitario
265,forro
266,funk pop
267,pagode baiano
268,funk das antigas
269,deep funk ostentacao
270,pagode
271,brega funk
272,brazilian hip hop
273,axe
274,mpb
275,samba reggae
276,funk consciente
277,brazilian rock
278,folk brasileiro
279,r&b brasileiro
280,trap brasileiro
281,pop rap brasileiro
282,rap cearense
283,canadian electronic
284,vapor twitch
285,future bass
286,deep tropical house
287,chilean rock
288,nueva cancion
289,cumbia ranchera
290,trap boricua
291,chicha
292,latin alternative
293,latin rock
294,francoton
295,french pop
296,reggaeton chileno
297,dembow
298,rap dominicano
299,chilean indie
300,pop chileno
301,musica popular colombiana
302,vallenato moderno
303,classic venezuelan pop
304,cumbia
305,jazz venezolano
306,classic colombian pop
307,pop romantico
308,salsa colombiana
309,folclor afrocolombiano
310,salsa international
311,salsa venezolana
312,latin jazz
313,porro
314,ecuadorian pop
315,pop costarricense
316,cantautor
317,bachata
318,latin afrobeat
319,puerto rican rock
320,rap conciencia
321,mexican rock
322,german jazz rap
323,oldschool deutschrap
324,cologne hip hop
325,german reggae
326,german pop rock
327,alternative metal
328,nu metal
329,rap metal
330,danish hip hop
331,dakke dak
332,danish metal
333,danish rock
334,canadian singer-songwriter
335,classic canadian rock
336,heartland rock
337,scandinavian r&b
338,canadian electropop
339,french hip hop
340,rap conscient
341,colombian rock
342,pop venezolano
343,spanish pop rock
344,melbourne bounce international
345,finnish dance pop
346,finnish hip hop
347,finnish pop
348,iskelma
349,suomi rock
350,finnish trap
351,suomirap
352,eurovision
353,nordic house
354,europop
355,finnish edm
356,trance
357,finnish indie
358,dutch trance
359,spanish reggae
360,classic iskelma
361,finnish pop punk
362,pop urbaine
363,drill francais
364,rap francais
365,trap antillais
366,rap calme
367,rap marseille
368,old school rap francais
369,french indietronica
370,nice indie
371,electrofox
372,french rock
373,nouvelle chanson francaise
374,j-pop
375,japanese r&b
376,rap inde
377,arabic hip hop
378,rap algerien
379,brostep
380,indonesian pop
381,bass trap
382,polish post-rock
383,indonesian jazz
384,indonesian singer-songwriter
385,k-pop
386,korean pop
387,indonesian folk
388,indonesian indie
389,indonesian indie pop
390,indonesian r&b
391,indonesian hip hop
392,bruneian pop
393,indonesian reggae
394,indiecoustica
395,k-pop girl group
396,chill r&b
397,korean r&b
398,irish rock
399,italian adult pop
400,italian pop
401,italian indie pop
402,turin indie
403,italian hip hop
404,rome indie
405,milan indie
406,rap tunisien
407,italian pop rock
408,italian underground hip hop
409,rap napoletano
410,trap italiana
411,rap sardegna
412,piano rock
413,neo-singer-songwriter
414,italian reggae
415,emo rap italiano
416,mariachi
417,nuevo regional mexicano
418,ranchera
419,regional mexican
420,banda
421,corrido
422,norteno
423,mexican hip hop
424,sierreno
425,gruperas inmortales
426,nu-cumbia
427,bolero
428,corridos tumbados
429,malaysian pop
430,classic malaysian pop
431,malay rap
432,malaysian indie
433,rock kapak
434,k-pop boy group
435,basshall
436,desi pop
437,dutch indie
438,dutch indie rock
439,dutch rock
440,irish pop
441,surinamese pop
442,nederpop
443,russelater
444,electropowerpop
445,st louis rap
446,pop house
447,deep pop edm
448,norwegian hip hop
449,classic norwegian pop
450,danseband
451,trondersk musikk
452,nz hip hop
453,australian reggae fusion
454,salsa peruana
455,opm
456,pinoy rock
457,pinoy indie
458,pinoy reggae
459,polish pop
460,v-pop
461,destroy techno
462,kizomba
463,musica angolana
464,portuguese pop
465,semba
466,hip hop tuga
467,rap criolo
468,drill tuga
469,czsk reggae
470,reggae tuga
471,kizomba antigas
472,swedish idol pop
473,norwegian indie
474,norwegian pop rap
475,swedish hip hop
476,swedish pop rap
477,swedish gangsta rap
478,swedish reggae
479,swedish trap pop
480,mgpjr
481,hard rock
482,classic swedish pop
483,skansk musik
484,swedish country
485,swedish alternative rock
486,swedish indie rock
487,australian talent show
488,mandopop
489,singaporean mandopop
490,singaporean pop
491,c-pop
492,taiwan pop
493,zhongguo feng
494,turkish pop
495,turkish trap pop
496,arabesk
497,turkish singer-songwriter
498,turkish deep house
499,turkish hip hop
500,turkish trap
501,deep turkish pop
502,turkish edm
503,turkish alt pop
504,turkish modern jazz
505,anadolu rock
506,karadeniz turkuleri
507,turkish alternative
508,turkish alternative rock
509,turkish rock
510,kosovan pop
511,oyun havasi
512,turkish folk
513,irish singer-songwriter
514,taiwan hip hop
515,taiwan singer-songwriter
516,chinese indie
517,taiwan indie
518,malaysian mandopop
519,cantopop
520,hollywood
521,chinese r&b
522,classic mandopop
523,chinese singer-songwriter
524,mainland chinese pop
525,movie tunes
526,plugg
527,nottingham indie
528,dancefloor dnb
529,drum and bass
530,austrian pop
531,german rock
532,vienna indie
533,folk-pop
534,hawaiian hip hop
535,stomp and holler
536,acoustic pop
537,australian indie folk
538,indie folk
539,devon indie
540,contemporary country
541,country
542,country road
543,modern country rock
544,norwegian country
545,norwegian folk rock
546,disney
547,show tunes
548,deep neofolk
549,pinoy r&b
550,tagalog rap
551,swedish drill
552,swedish trap
553,compositional ambient
554,experimental classical
555,icelandic classical
556,icelandic experimental
557,nordic soundtrack
558,soundtrack
559,chinese drama ost
560,afroswing
561,bhangra
562,classic bhangra
563,canadian indie
564,italian alternative
565,classic italian pop
566,folk rock italiano
567,brooklyn indie
568,indie pop
569,vapor pop
570,persian pop
571,turkish jazz
572,j-rock
573,japanese emo
574,visual kei
575,pop r&b
576,brighton indie
577,garage rock
578,sheffield indie
579,british singer-songwriter
580,pop lgbtq+ brasileira
581,trap dominicano
582,finnish reggae
583,belgian hip hop
584,rap belge
585,singer-songwriter
586,balkan beats
587,electro swing
588,nu jazz
589,korean singer-songwriter
590,norwegian house
591,south carolina hip hop
592,belgian techno
593,classic turkish pop
594,northern irish indie
595,future garage
596,chicago indie
597,funky tech house
598,latin metal
599,metal colombiano
600,trova
601,finnish soul
602,veracruz indie
603,ritmo kombina
604,melancholia
605,norwegian singer-songwriter
606,pop peruano
607,fotbollslatar
608,qanun
609,turkish instrumental
610,chinese electropop
611,country pop
612,hyperpop francais
613,indie soul
614,la indie
615,german cloud rap
616,rebel blues
617,scottish rock
618,dutch cabaret
619,dutch singer-songwriter
620,classic dubstep
621,glam metal
622,salsa urbana
623,swedish eurodance
624,melodipop
625,stoner metal
626,emo rap
627,mundart
628,swiss hip hop
629,swiss indie
630,german alternative rap
631,german underground rap
632,canzone napoletana
633,rap italiano old school
634,indie folk italiano
635,nederlandse hardstyle
636,tekk
637,gabba
638,happy hardcore
639,hardcore techno
640,funk metal
641,screamocore
642,swedish dancehall
643,karadeniz pop
644,neue deutsche welle
645,new romantic
646,nu disco
647,electra
648,post-grunge
649,christlicher rap
650,danish alternative rock
651,danish punk
652,reunion pop
653,indie liguria
654,rap genovese
655,dutch trap
656,orebro indie
657,hokkien pop
658,taiwanese indigenous
659,post-punk argentina
660,ska argentino
661,batidao romantico
662,canadian rock
663,neon pop punk
664,pixie
665,pop punk
666,discofox
667,indonesian alternative rock
668,malaysian hip hop
669,maluku pop
670,carnaval
671,polish alternative
672,sami
673,dansband
674,danspunk
675,swedish rock-and-roll
676,vintage swedish pop
677,singaporean singer-songwriter
678,nz pop
679,brazilian bass
680,brazilian house
681,mgp
682,virgin islands reggae
683,classic finnish pop
684,armenian hip hop
685,armenian pop
686,afro house
687,south african house
688,south african pop dance
689,albanian pop
690,greek trap
691,swedish singer-songwriter
692,chinese hip hop
693,alternative hip hop
694,g funk
695,indonesian pop rock
696,lagu sabahan
697,norwegian trap
698,melodic dubstep
699,german trap
700,kurdish hip hop
701,finnish alternative rock
702,detroit trap
703,italo dance
704,bass house
705,canadian indie folk
706,deep new americana
707,freak folk
708,indie rock
709,saskatchewan indie
710,gqom
711,gaming edm
712,hopebeat
713,deep regional mexican
714,turkish psych
715,romanian house
716,romanian pop
717,pop emo
718,modern hard rock
719,finnish electro
720,k-rap
721,latin viral pop
722,reggaeton mexicano
723,norwegian rock
724,hands up
725,chinese audiophile
726,uk dancehall
727,polish hip hop
728,gothenburg indie
729,political hip hop
730,crunk
731,memphis hip hop
732,boom bap
733,old school hip hop
734,golden age hip hop
735,ambient folk
736,art rock
737,beatlesque
738,symphonic rock
739,german viral rap
740,pop flamenco
741,sad rap
742,birmingham grime
743,birmingham hip hop
744,birmingham indie
745,britpop
746,leicester indie
747,moldovan pop
748,rap siciliano
749,rif
750,swedish soul
751,hungarian pop
752,cypriot pop
753,azeri traditional
754,croatian pop
755,supergroup
756,chicago bop
757,pinoy hip hop
758,flamenco
759,rumba
760,carnaval cadiz
761,rap montrealais
762,turkce slow sarkilar
763,madchester
764,german soundtrack
765,urbano espanol
766,flamenco urbano
767,rock andaluz
768,hardcore hip hop
769,french indie folk
770,nordnorsk rap
771,polish trap
772,musica santomense
773,solo wave
774,frauenrap
775,k-pop reality show
776,south african hip hop
777,south african pop
778,south african trap
779,azontobeats
780,ghanaian hip hop
781,afro soul
782,amapiano
783,chinese idol pop
784,cuarteto
785,musica triste brasileira
786,colombian hip hop
787,salsa choke
788,danish pop rock
789,soul flow
790,polish alternative rap
791,bronx hip hop
792,turntablism
793,phonk
794,hardstyle
795,jumpstyle
796,musica canaria
797,keroncong
798,classical piano
799,turkish classical performance
800,musical advocacy
801,bubble trance
802,sholawat
803,taiwan punk
804,hong kong indie
805,afrofuturism
806,texas country
807,cali rap
808,balearic
809,musica sarda
810,minimal tech house
811,australian indigenous
812,classic indo pop
813,indonesian city pop
814,modern folk rock
815,uk americana
816,polish electronica
817,tennessee hip hop
818,bedroom pop
819,manchester hip hop
820,celtic rock
821,chinese minyao
822,black americana
823,country dawn
824,baroque pop
825,quebec indie
826,dangdut
827,dangdut koplo
828,javanese dangdut
829,lagu jawa
830,moroccan pop
831,trap tuga
832,r&b en espanol
833,riddim
834,halifax indie
835,future house
836,rogaland musikk
837,arkansas hip hop
838,rap df
839,levenslied
840,bossa nova
841,irish rebel song
842,spanish hip hop
843,batida
844,funana
845,rap angolano
846,german indie
847,spanish rock
848,rai
849,rap kreyol
850,french reggae
851,funk melody
852,rap canario
853,deep tech house
854,xinyao
855,cueca chilena
856,folklore chileno
857,classic danish pop
858,instrumental grime
859,german boom bap
860,emo
861,pop quebecois
862,funk rock
863,blues rock
864,detroit rock
865,modern blues rock
866,punk blues
867,turkish punk
868,argentine hip hop
869,trap argentino
870,trap triste
871,cumbia 420
872,rap antillais
873,afrofuturismo brasileiro
874,brazilian reggae
875,cartoon
876,pony
877,talentkonkurranse
878,smooth soul
879,pagode novo
880,rap catala
881,trap catala
882,bow pop
883,cello
884,finnish metal
885,symphonic metal
886,indonesian folk pop
887,nz reggae
888,pacific islands pop
889,g-house
890,cuban alternative
891,kingston on indie
892,ontario indie
893,dangdut remix
894,slowed and reverb
895,drill
896,alabama rap
897,disco
898,new wave
899,new wave pop
900,synthpop
901,grupera
902,disney espanol
903,gen z singer-songwriter
904,lds youth
905,australian alternative pop
906,classic uk pop
907,rock-and-roll
908,rockabilly
909,greenlandic pop
910,rock alternativo espanol
911,spanish indie pop
912,finnish punk
913,israeli pop
914,dutch americana
915,nordic orchestra
916,orchestra
917,radio symphony
918,salsa puertorriquena
919,polish alternative rock
920,neo-synthpop
921,baton rouge rap
922,celtic
923,celtic punk
924,folk punk
925,irish folk
926,punk
927,ghanaian pop
928,bubblegum dance
929,junior eurovision
930,adult standards
931,jazz pop
932,lounge
933,sophisti-pop
934,latin talent show
935,rap maroc
936,norske viser
937,operatic pop
938,brill building pop
939,easy listening
940,vocal jazz
941,american folk revival
942,christmas instrumental
943,jazz trio
944,light music
945,post-romantic era
946,ukrainian classical
947,deep adult standards
948,vocal harmony group
949,folk rock
950,experimental rock
951,experimental
952,experimental pop
953,dansktop
954,rumba congolaise
955,indie rock italiano
956,barnemusikk
957,swedish jazz
958,lund indie
959,azeri rap
960,ulkucu sarkilar
961,lilith
962,torch song
963,canadian country
964,oklahoma country
965,country rock
966,hi-nrg
967,bubblegum pop
968,swing
969,desert blues
970,kora
971,mande pop
972,children's music
973,kindermusik
974,classic danish rock
975,danish singer-songwriter
976,norwegian jazz
977,children's choir
978,finnish choir
979,muziek voor kinderen
980,christmas product
981,oslo indie
982,portuguese rock
983,punk tuga
984,classical tenor
985,italian tenor
986,ectofolk
987,chanson
988,ye ye
989,rap underground espanol
990,rap portuense
991,rap tuga underground
992,sleep
993,baglama
994,roots rock
995,chilean hardcore
996,classic finnish rock
997,musiikkia lapsille
998,classic polish pop
999,acoustic cover
1000,classic girl group
1001,psychedelic rock
1002,sunshine pop
1003,cowboy western
1004,traditional country
1005,yodeling
1006,progressive rock
1007,contemporary vocal jazz
1008,new age
1009,doo-wop
1010,rhythm and blues
1011,beach music
1012,big band
1013,chill pop
1014,scottish singer-songwriter
1015,piano blues
1016,detske pisnicky
1017,australian alternative rock
1018,australian rock
1019,arkansas country
1020,outlaw country
1021,soul blues
1022,athens indie
1023,folk
1024,classic country pop
1025,novelty
1026,idol
1027,cancion infantil latinoamericana
1028,musica para ninos
1029,villancicos
1030,teen pop
1031,finnish heavy metal
1032,finnish idol pop
1033,finnish power metal
1034,vintage chanson
1035,dixieland
1036,harlem renaissance
1037,jazz trumpet
1038,new orleans jazz
1039,bebop
1040,cool jazz
1041,hard bop
1042,jazz
1043,jazz saxophone
1044,library music
1045,soul jazz
1046,stride
1047,classic soundtrack
1048,french jazz
1049,french soundtrack
1050,country quebecois
1051,italian jazz
1052,italian lounge
1053,chicago soul
1054,christelijk
1055,gospel singers
1056,norsk lovsang
1057,norwegian gospel
1058,nordnorsk musikk
1059,gospel
1060,spirituals
1061,classic opm
1062,papuri
1063,pinoy praise
1064,tagalog worship
1065,poezja spiewana
1066,polish blues
1067,polish rock
1068,polish contemporary classical
1069,uwielbienie
1070,avant-garde jazz
1071,contemporary jazz
1072,contemporary post-bop
1073,jazz fusion
1074,jazz guitar
1075,polish synthpop
1076,goralski
1077,polish folk
1078,musica infantil
1079,musica para criancas
1080,nashville sound
1081,brazilian jazz
1082,samba
1083,violao
1084,deep soft rock
1085,smooth jazz
1086,c86
1087,acoustic chill
1088,glee club
1089,musica cabo-verdiana
1090,broadway
1091,deep talent show
1092,jazz funk
1093,balkan hip hop
1094,turbo folk
1095,harlem hip hop
1096,rock keyboard
1097,dansk comedy
1098,acid house
1099,deep big room
1100,french synthpop
1101,brisbane indie
1102,kiwi rock
1103,nz singer-songwriter
1104,uk reggae
1105,southern rock
1106,swamp rock
1107,disco polo
1108,british invasion
1109,merseybeat
1110,diva house
1111,variete francaise
1112,hard bass
1113,turkce kadin rap
1114,pop electronico
1115,tropical alternativo
1116,swedish americana
1117,australian garage punk
1118,australian indie rock
1119,australian underground hip hop
1120,hiplife
1121,york indie
1122,pinoy trap
1123,schweizer rap
1124,swiss reggae
1125,bayerischer rap
1126,classic indonesian rock
1127,indonesian rock
1128,pinoy alternative rap
1129,traprun
1130,groove room
1131,spiritual hip hop
1132,sacramento hip hop
1133,south african alternative
1134,indie hip hop
1135,german r&b
1136,karneval
1137,kolsche karneval
1138,italian ska
1139,firenze indie
1140,dancehall guyanaise
1141,shatta
1142,zouk riddim
1143,gothenburg hip hop
1144,mexican edm
1145,viral pop brasileiro
1146,rap baiano
1147,trap baiano
1148,deep rai
1149,morelos indie
1150,boston hip hop
1151,ukrainian pop
1152,rkt
1153,chinderlieder
1154,nantes indie
1155,kenyan pop
1156,portuguese indie
1157,comedy rap
1158,rap romantico
1159,rap rock
1160,trance brasileiro
1161,singaporean hip hop
1162,new americana
1163,comic
1164,anime
1165,ukg revival
1166,rap espanol
1167,norrlandsk hip hop
1168,chinese jazz
1169,dark clubbing
1170,soca
1171,dutch r&b
1172,electronica
1173,psychedelic hip hop
1174,vlaamse rap
1175,channel pop
1176,thai idol
1177,drill espanol
1178,taiwanese indie
1179,gypsy jazz
1180,venezuelan hip hop
1181,turkce drill
1182,tunisian pop
1183,trap venezolano
1184,brega romantico
1185,forro de favela
1186,german singer-songwriter
1187,rap ivoire
1188,classic cantopop
1189,r&b italiano
1190,indonesian viral pop
1191,czech pop
1192,greek pop
1193,laiko
1194,belgian rock
1195,lovers rock
1196,pop teen brasileiro
1197,nz christian
1198,lithuanian pop
1199,slovenian pop
1200,classic belgian pop
1201,tech house
1202,ragga jungle
1203,experimental r&b
1204,trip hop
1205,trap mexicano
1206,electroclash
1207,bachata dominicana
1208,metal
1209,romanian rock
1210,ethereal gothic
1211,pinoy singer-songwriter
1212,jump blues
1213,funk 150 bpm
1214,pop virale italiano
1215,asian american hip hop
1216,polish indie
1217,dream smp
1218,uk drill
1219,brazilian percussion
1220,nova musica paulista
1221,pinoy pop punk
1222,uppsala indie
1223,oc rap
1224,houston rap
1225,post-punk
1226,uk post-punk
1227,russian hip hop
1228,russian alt pop
1229,russian trap
1230,belo horizonte indie
1231,musik anak-anak
1232,arab trap
1233,battle rap
1234,rap feminino nacional
1235,musica gaucha
1236,rock nacional
1237,swiss rock
1238,zouglou
1239,voetbal
1240,irish hip hop
1241,bases de freestyle
1242,indian edm
1243,nottingham hip hop
1244,polish post-punk
1245,west coast trap
1246,gaming dubstep
1247,electro bailando
1248,dark trap
1249,reggae en espanol
1250,lo star
1251,sudanese pop
1252,argentine indie
1253,trap funk
1254,trap chileno
1255,manguebeat
1256,pop rock brasileiro
1257,rock mineiro
1258,rock nacional brasileiro
1259,flamenco guitar
1260,nuevo flamenco
1261,cancion melodica
1262,tejano
1263,taiwan classical performance
1264,cologne indie
1265,rautalanka
1266,australian house
1267,funk bh
1268,musica catalana
1269,reggae catala
1270,chicago drill
1271,swiss trap
1272,cumbia boliviana
1273,finnish progressive metal
1274,progressive thrash
1275,taiwan idol pop
1276,classic arab pop
1277,lagu timur
1278,speedrun
1279,video game music
1280,sung poetry
1281,polish indie rock
1282,jersey club
1283,german alternative rock
1284,german punk
1285,russian rave
1286,bandung indie
1287,indonesian pop punk
1288,australian country
1289,spanish modern rock
1290,spanish noise pop
1291,modern alternative pop
1292,anthem worship
1293,ccm
1294,christian pop
1295,ska mexicano
1296,electric bass
1297,kompa gouyad
1298,spanish indie folk
1299,guatemalan pop
1300,zimdancehall
1301,chamber orchestra
1302,musica capixaba
1303,rap capixaba
1304,dubstep
1305,alternative pop rock
1306,native american
1307,native american contemporary
1308,dong-yo
1309,drill italiana
1310,lithuanian edm
1311,lithuanian electronic
1312,taiwan electronic
1313,welsh rock
1314,sad lo-fi
1315,aussie drill
1316,rap chileno
1317,melodic metalcore
1318,metalcore
1319,uk metalcore
1320,canadian old school hip hop
1321,peruvian rock
1322,violin
1323,italian progressive rock
1324,italian post-hardcore
1325,beat italiano
1326,british indie rock
1327,central asian hip hop
1328,kazakh hip hop
1329,kazakh pop
1330,russian gangster rap
1331,deconstructed club
1332,nordic folk metal
1333,scorecore
1334,korean mask singer
1335,chinese soundtrack
1336,danish electropop
1337,anti-folk
1338,lo-fi
1339,new jersey indie
1340,noise pop
1341,glasgow indie
1342,scottish indie rock
1343,turkish reggae
1344,scam rap
1345,uk tech house
1346,boston punk
1347,boston rock
1348,skate punk
1349,banjo
1350,irish banjo
1351,irish country
1352,portuguese indie rock
1353,brooklyn drill
1354,italian electronica
1355,neomelodici
1356,emo trap en espanol
1357,rap underground argentino
1358,german metal
1359,industrial
1360,industrial metal
1361,industrial rock
1362,neue deutsche harte
1363,austrian indie
1364,boom bap brasileiro
1365,rap uruguayo
1366,samba de roda
1367,tropicalia
1368,slovak pop
1369,perth indie
1370,trap metal italiana
1371,fidget house
1372,british alternative rock
1373,minnesota hip hop
1374,chihuahua indie
1375,indie triste
1376,mexican indie
1377,circuit
1378,guaracha
1379,nasheed
1380,nasyid
1381,cumbia santafesina
1382,progressive trance
1383,uplifting trance
1384,maltese pop
1385,musica baiana
1386,double drumming
1387,icelandic electronic
1388,icelandic post-punk
1389,icelandic punk
1390,australian singer-songwriter
1391,russian dance pop
1392,greek indie
1393,hip hop quebecois
1394,indie quebecois
1395,electronica argentina
1396,christian alternative rock
1397,christian music
1398,worship
1399,mambo chileno
1400,terrorcore
1401,malang indie
1402,strut
1403,danish post-punk
1404,bangladeshi hip hop
1405,country rap
1406,argentine reggae
1407,chanson virale
1408,rap lyonnais
1409,trap carioca
1410,belgian singer-songwriter
1411,ghent indie
1412,rap mineiro
1413,indonesian lo-fi pop
1414,uk house
1415,classic peruvian pop
1416,musica afroperuana
1417,musica criolla
1418,k-indie
1419,rave funk
1420,malian blues
1421,wassoulou
1422,world
1423,kids hip hop
1424,washington indie
1425,gospel r&b
1426,cumbia peruana
1427,peruvian indie
1428,reggae peruano
1429,tecnobrega
1430,progressive metal
1431,swedish underground rap
1432,r&b argentino
1433,merida indie
1434,dutch drill
1435,taiwan rock
1436,bomba
1437,estonian hip hop
1438,big beat
1439,barnmusik
1440,garage house
1441,antilliaanse rap
1442,birmingham metal
1443,north east england indie
1444,hamburg indie
1445,boom bap espanol
1446,malaysian tamil pop
1447,bulgarian hip hop
1448,turkce remix
1449,morna
1450,drill dominicano
1451,afghan rap
1452,finnish folk
1453,canzone d'autore
1454,acoustic opm
1455,polish ambient
1456,norwegian choir
1457,hong kong hip hop
1458,desi hip hop
1459,pakistani hip hop
1460,punjabi hip hop
1461,punjabi pop
1462,vlaamse kinderliedje
1463,pittsburgh indie
1464,latintronica
1465,greek hip hop
1466,smooth saxophone
1467,rhode island rap
1468,mexican classic rock
1469,german house
1470,ska chileno
1471,musica andina
1472,musica andina chilena
1473,musica nublensina
1474,czech hip hop
1475,czsk hip hop
1476,trap pesado
1477,chill baile
1478,chinese viral pop
1479,liedermacher
1480,german country
1481,vogue
1482,finnish jazz
1483,piseiro
1484,musica costarricense
1485,magyar mulatos
1486,turkce trap metal
1487,samba moderno
1488,jewish pop
1489,cincinnati rap
1490,folclor colombiano
1491,musica andina colombiana
1492,adoracao
1493,musica paranaense
1494,rap nacional antigo
1495,argentine alternative rock
1496,bedroom soul
1497,austrian hip hop
1498,carnaval limburg
1499,lo-fi beats
1500,lo-fi chill
1501,deep underground hip hop
1502,muzica crestina
1503,rap boricua
1504,dutch idol pop
1505,english indie rock
1506,kent indie
1507,new york drill
1508,indie garage rock
1509,orlando indie
1510,african gospel
1511,gothic metal
1512,gothic symphonic metal
1513,opera metal
1514,power metal
1515,indie rockism
1516,bergamo indie
1517,musica etnica
1518,bubblegrunge
1519,australian psych
1520,neo-psychedelic
1521,uae indie
1522,deep breakcore
1523,cyber metal
1524,swedish folk pop
1525,korean ost
1526,groove metal
1527,huzunlu sarkilar
1528,musica madeirense
1529,bergen indie
1530,chillwave
1531,psychedelic soul
1532,reggae maghreb
1533,minneapolis sound
1534,beats
1535,tecnobanda
1536,copla
1537,cante flamenco
1538,popping
1539,pop folk
1540,world worship
1541,icelandic pop
1542,sunnlensk tonlist
1543,relaxative
1544,vintage french electronic
1545,wave
1546,dub
1547,uk dub
1548,taiwan graduation song
1549,campursari
1550,ghanaian alternative
1551,vintage norwegian pop
1552,norwegian classical
1553,eventyr
1554,choral
1555,icelandic choir
1556,early modern classical
1557,swedish classical
1558,classical era
1559,danish classical
1560,early romantic era
1561,hamburg electronic
1562,transpop
1563,jawaiian
1564,roda de samba
1565,indie curitibano
1566,belarusian indie
1567,indonesian edm
1568,dream trance
1569,bisaya rap
1570,dalarna indie
1571,swedish garage rock
1572,alberta hip hop
1573,tallava
1574,indonesian emo
1575,tin pan alley
1576,eau claire indie
1577,classic greek pop
1578,indonesian emo rap
1579,rap underground mexicano
1580,belgian new wave
1581,pinoy idol pop
1582,tamil pop
1583,vintage chinese pop
1584,lo-fi cover
1585,lo-fi product
1586,swedish indie folk
1587,emo trap italiana
1588,rap baixada fluminense
1589,modern indie pop
1590,musica popular uruguaya
1591,korean city pop
1592,alternative country
1593,guinean pop
1594,swiss pop
1595,latin viral rap
1596,rap anime
1597,classic nz pop
1598,finnish post-punk
1599,musique comorienne
1600,canadian latin
1601,peruvian hip hop
1602,aesthetic rap
1603,drill brasileiro
1604,funk viral
1605,nueva trova chilena
1606,latin funk
1607,musica nortena chilena
1608,deep latin alternative
1609,halloween
1610,comic metal
1611,idol rock
1612,j-metal
1613,kawaii metal
1614,black punk
1615,uk diy punk
1616,ottawa rap
